{"cameraMode":{"drawMode":0,"name":"Shaded","section":"Shading Mode"},"sceneLighting":true,"audioPlay":false,"sceneViewState":{"m_AlwaysRefresh":false,"showFog":true,"showSkybox":true,"showFlares":true,"showImageEffects":true,"showParticleSystems":true,"showVisualEffectGraphs":true,"m_FxEnabled":true},"in2DMode":false,"pivot":{"x":-1.2674741744995118,"y":3.288370132446289,"z":-4.852312088012695},"rotation":{"x":0.15915673971176148,"y":0.1075751930475235,"z":-0.017448382452130319,"w":0.9812321066856384},"size":1.9684181213378907,"orthographic":false}